recommendationid,author,language,review,timestamp_created,timestamp_updated,voted_up,votes_up,votes_funny,weighted_vote_score,comment_count,steam_purchase,received_for_free,written_during_early_access,primarily_steam_deck
208385109,"{'steamid': '76561199560609966', 'num_games_owned': 0, 'num_reviews': 2, 'playtime_forever': 39, 'playtime_last_two_weeks': 0, 'playtime_at_review': 39, 'last_played': 1719933652}",english,stiop disconnecting me,1762257257,1762257257,False,0,0,0.5,0,True,False,False,False
207847540,"{'steamid': '76561198151140043', 'num_games_owned': 270, 'num_reviews': 39, 'playtime_forever': 6782, 'playtime_last_two_weeks': 0, 'playtime_at_review': 6782, 'last_played': 1758793755}",english,ew,1761712225,1761712225,False,0,0,0.498084276914596558,0,True,False,False,False
166122943,"{'steamid': '76561199090218455', 'num_games_owned': 49, 'num_reviews': 5, 'playtime_forever': 162, 'playtime_last_two_weeks': 0, 'playtime_at_review': 162, 'last_played': 1715540400}",english,"Bad game, lost its identity over money",1716753945,1758377156,False,0,0,0.5,0,True,False,False,False
143839997,"{'steamid': '76561198196003826', 'num_games_owned': 306, 'num_reviews': 82, 'playtime_forever': 10024, 'playtime_last_two_weeks': 1485, 'playtime_at_review': 6499, 'last_played': 1761879354}",english,no 24/7 lucioball yet,1691727522,1758162386,False,148,10,0.762458503246307373,9,True,False,False,False
203842466,"{'steamid': '76561198836961976', 'num_games_owned': 306, 'num_reviews': 22, 'playtime_forever': 20387, 'playtime_last_two_weeks': 0, 'playtime_at_review': 20320, 'last_played': 1758091770}",english,If you avoid comp and dick around with friends it's good,1757293899,1757293899,False,0,0,0.5,0,True,False,False,False
203363287,"{'steamid': '76561198291442420', 'num_games_owned': 143, 'num_reviews': 4, 'playtime_forever': 1026, 'playtime_last_two_weeks': 17, 'playtime_at_review': 952, 'last_played': 1761170174}",english,I FUCKING HATE THIS GAME,1756782311,1756782311,False,0,0,0.5,0,True,False,False,False
201156202,"{'steamid': '76561198140476100', 'num_games_owned': 0, 'num_reviews': 5, 'playtime_forever': 20833, 'playtime_last_two_weeks': 0, 'playtime_at_review': 20742, 'last_played': 1754360329}",english,bad,1753983647,1753983647,False,0,0,0.5,0,True,False,False,False
199948257,"{'steamid': '76561199182249603', 'num_games_owned': 0, 'num_reviews': 6, 'playtime_forever': 8318, 'playtime_last_two_weeks': 0, 'playtime_at_review': 8318, 'last_played': 1752683265}",english,shit game,1752683289,1752683289,False,1,1,0.523809552192687988,0,True,True,False,False
199229427,"{'steamid': '76561198134704090', 'num_games_owned': 13, 'num_reviews': 2, 'playtime_forever': 19, 'playtime_last_two_weeks': 0, 'playtime_at_review': 19, 'last_played': 1739994021}",schinese,知道我的0.3小时是怎么来的吗，是注册，是关联，是登录，是切换，我干死你妈！,1751918844,1751918844,False,99,37,0.835996448993682861,6,True,False,False,False
196094969,"{'steamid': '76561199522052884', 'num_games_owned': 0, 'num_reviews': 16, 'playtime_forever': 1002, 'playtime_last_two_weeks': 0, 'playtime_at_review': 1002, 'deck_playtime_at_review': 301, 'last_played': 1748717718}",english,"I left rivals because my ability to have fun (not to win, to have FUN) was being toyed with by some algorithm trying to get me to play more. I come here AND ITS THE EXACT SAME FUCKING THING. When the fucking planets align is when its a close game, and everything else is a blowout on either side. I miss when that happening was random chance. 
",1748717868,1748717868,False,2,0,0.480349332094192505,0,True,False,False,False
195742546,"{'steamid': '76561198301098142', 'num_games_owned': 60, 'num_reviews': 1, 'playtime_forever': 44787, 'playtime_last_two_weeks': 1551, 'playtime_at_review': 30899, 'last_played': 1762145546}",english,i hate my life,1748318887,1748318887,False,2,0,0.508928596973419189,0,True,False,False,False
194371273,"{'steamid': '76561198429579373', 'num_games_owned': 0, 'num_reviews': 1, 'playtime_forever': 141542, 'playtime_last_two_weeks': 4081, 'playtime_at_review': 92192, 'last_played': 1762251397}",japanese,スタジアムを機に復帰したが、プロランク以上になると、イメージハックを用いたチーターが跋扈している。マッチごとに毎回1、2人が使用していてとにかく不快。チーター報告してもまったくバンされることがなく、チーターのフルパとマッチすることもざらにある。イライラしたくなければプレイしないことをお勧めします。,1746561639,1746561639,False,2,0,0.491321355104446411,0,True,False,False,False
144132037,"{'steamid': '76561198248539040', 'num_games_owned': 397, 'num_reviews': 3, 'playtime_forever': 23807, 'playtime_last_two_weeks': 0, 'playtime_at_review': 23807, 'last_played': 1746299679}",english,"Pros: The game is very fun when you get balanced teams.

Cons: You never get balanced teams.

Don't play unless you're a masochist. Seriously, it's always just one team curb stomping the other, just absolutely zero balance.

Tried Stadium cause I heard it was fun... it's not. There's 1-2 playable heroes in every role and you're disconnected every other match then you get banned for getting disconnected. It's even less balanced than the other modes which I didn't think was possible but that's Blizzard.",1691967925,1746302358,False,57,3,0.734823346138000488,0,True,False,False,False
193179020,"{'steamid': '76561198421771845', 'num_games_owned': 43, 'num_reviews': 3, 'playtime_forever': 5812, 'playtime_last_two_weeks': 324, 'playtime_at_review': 5487, 'last_played': 1761232289}",tchinese,曾幾何時，他是我最喜歡的遊戲，如今，糟糕的遊戲社群，只要遊戲沒有贏就會被隊友罵得一無是處(救我近期的遊玩體驗是這樣)，所以...聽我一句勸，沒PVE，沒了一半的未來,1745148497,1745148497,False,0,1,0.476190477609634399,0,True,False,False,False
192091736,"{'steamid': '76561198871033321', 'num_games_owned': 0, 'num_reviews': 7, 'playtime_forever': 15042, 'playtime_last_two_weeks': 1952, 'playtime_at_review': 1895, 'last_played': 1762237170}",english,is only good for pocket after that it gets boring,1743897820,1743897820,False,1,0,0.5,0,True,False,False,False
191823895,"{'steamid': '76561198965632634', 'num_games_owned': 91, 'num_reviews': 2, 'playtime_forever': 18245, 'playtime_last_two_weeks': 1799, 'playtime_at_review': 1970, 'last_played': 1762220649}",english,the porn is better than the game,1743621678,1743621678,False,3,3,0.462620288133621216,0,True,False,False,False
146313415,"{'steamid': '76561198434219105', 'num_games_owned': 2531, 'num_reviews': 4, 'playtime_forever': 306, 'playtime_last_two_weeks': 0, 'playtime_at_review': 306, 'last_played': 1694705719}",english,"I still play this game but the game is full of issues from poor balancing, both in the sense of skill based matchmaking and in hero balancing, as well as a terrible ranked system. (no reason you should have to win 5 games to rank up or down. Just make it so you see what it does every game.) 

Hopefully they start turning it around soon.

update: I've honestly given up on this game now. Much like an abusive ex you eventually have to learn to let go and that's exactly what I have done with the introduction to perks. That was the straw that broke the camels back cause all it did was make the game feel worse than it already was. If they ever revert this I might come back but until then there's no reason to even open this dumpster fire.",1694746953,1743138352,False,2,0,0.5,0,True,False,False,False
190284378,"{'steamid': '76561198024377986', 'num_games_owned': 173, 'num_reviews': 1, 'playtime_forever': 3997, 'playtime_last_two_weeks': 0, 'playtime_at_review': 3331, 'last_played': 1756954780}",english,bobby kotick is a balding vampire,1742062902,1742062902,False,1,1,0.490906059741973877,0,True,False,False,False
189865318,"{'steamid': '76561199514850437', 'num_games_owned': 26, 'num_reviews': 1, 'playtime_forever': 73, 'playtime_last_two_weeks': 0, 'playtime_at_review': 73, 'last_played': 1741608423}",schinese,别买dlc相信我游戏一坨屎,1741608560,1741608560,False,0,0,0.5,0,True,False,False,False
188170258,"{'steamid': '76561198436685335', 'num_games_owned': 121, 'num_reviews': 5, 'playtime_forever': 10127, 'playtime_last_two_weeks': 0, 'playtime_at_review': 9026, 'last_played': 1760325088}",english,no.,1739856087,1739856087,False,6,0,0.531486451625823975,0,True,False,False,False
188036960,"{'steamid': '76561198980195207', 'num_games_owned': 0, 'num_reviews': 2, 'playtime_forever': 2487, 'playtime_last_two_weeks': 0, 'playtime_at_review': 2193, 'last_played': 1758637335}",japanese,民度最悪な底辺層のたまり場。アンインストールした。,1739705444,1739705444,False,3,1,0.483425438404083252,0,True,False,False,False
187351151,"{'steamid': '76561198101631487', 'num_games_owned': 0, 'num_reviews': 1, 'playtime_forever': 7950, 'playtime_last_two_weeks': 0, 'playtime_at_review': 1627, 'last_played': 1757299458}",english,five big booms,1738899364,1738899364,False,1,2,0.482758641242980957,0,True,False,False,False
186995900,"{'steamid': '76561199490255909', 'num_games_owned': 0, 'num_reviews': 2, 'playtime_forever': 7860, 'playtime_last_two_weeks': 0, 'playtime_at_review': 7115, 'last_played': 1760852873}",schinese,666,1738505132,1738505132,False,0,0,0.5,0,True,False,False,False
186581404,"{'steamid': '76561199187923236', 'num_games_owned': 0, 'num_reviews': 1, 'playtime_forever': 28, 'playtime_last_two_weeks': 0, 'playtime_at_review': 20, 'last_played': 1738038675}",schinese,狗屎游戏,1738037703,1738037703,False,0,0,0.5,0,True,False,False,False
185933643,"{'steamid': '76561199241336694', 'num_games_owned': 29, 'num_reviews': 2, 'playtime_forever': 94, 'playtime_last_two_weeks': 0, 'playtime_at_review': 94, 'last_played': 1718543880}",schinese,死妈东西老子整你这个人机验证半天都进不去 死 妈 暴雪,1737286971,1737286971,False,0,0,0.5,0,True,False,False,False
185858543,"{'steamid': '76561199102290913', 'num_games_owned': 34, 'num_reviews': 17, 'playtime_forever': 7523, 'playtime_last_two_weeks': 0, 'playtime_at_review': 3174, 'last_played': 1741602703}",english,"this game just fucking sucks
",1737207759,1737207759,False,3,0,0.523809552192687988,0,True,False,False,False
177320985,"{'steamid': '76561198345127003', 'num_games_owned': 483, 'num_reviews': 38, 'playtime_forever': 2563, 'playtime_last_two_weeks': 0, 'playtime_at_review': 826, 'last_played': 1748888908}",german,Overwatch 1 but worse,1729328276,1737065352,False,0,0,0.5,0,True,False,False,False
185378056,"{'steamid': '76561198044912082', 'num_games_owned': 0, 'num_reviews': 13, 'playtime_forever': 68349, 'playtime_last_two_weeks': 4580, 'playtime_at_review': 41988, 'last_played': 1762285440}",english,"Honestly just don't do it to yourself, I view my overwatch addiction like how league of legends treats you. You dont end up playing and having fun most of the time but just being tilted at the matchmaking, long queue times, lazy recolors /shitty monetization practices and toxic community. This games used to be the bees knees ngl, overwatch one back in the day was a great time and I think a lot of us stick around for the nostalgia at this point. 
This game really shines with cooperative team play utilizing comms but the way the community has devolved at this point most have resorted to full muting all text chats and not joining voice even in ranked games while profiles are default on full private. playing this game solo is exhausting and I have noticed a concerning increase of blatant cheating. Hopefully blizzard can turn things around as the game at its core is good and runs smooth as butter, its just proceed with caution atm if you are coming into this as a new player.",1736625170,1736625170,False,4,0,0.545454561710357666,0,True,False,False,False
144099625,"{'steamid': '76561198238925342', 'num_games_owned': 195, 'num_reviews': 27, 'playtime_forever': 24525, 'playtime_last_two_weeks': 232, 'playtime_at_review': 15811, 'deck_playtime_at_review': 387, 'last_played': 1762241151}",english,Another 20 trillion kiriko skins,1691938930,1735087390,False,2,0,0.525328338146209717,0,True,False,False,False
182472718,"{'steamid': '76561199467836651', 'num_games_owned': 26, 'num_reviews': 1, 'playtime_forever': 539, 'playtime_last_two_weeks': 0, 'playtime_at_review': 517, 'last_played': 1737559994}",schinese,好游戏爱了,1733894131,1733894131,False,0,0,0.5,0,True,False,False,False
182460063,"{'steamid': '76561198298139627', 'num_games_owned': 0, 'num_reviews': 4, 'playtime_forever': 20581, 'playtime_last_two_weeks': 0, 'playtime_at_review': 20581, 'last_played': 1733355871}",english,"OverWatch 1 was fun, Greed ruins everything",1733878007,1733878007,False,3,0,0.520662307739257812,0,True,False,False,False
182442698,"{'steamid': '76561198272300406', 'num_games_owned': 91, 'num_reviews': 3, 'playtime_forever': 26995, 'playtime_last_two_weeks': 278, 'playtime_at_review': 22027, 'last_played': 1762196538}",english,"Every patch is terrible, why is Doom getting nerfed again while Orisa is getting yet again another set of micro buffs? and why is Bap getting buffs and Widow not getting a single change?",1733861352,1733861352,False,3,0,0.479337692260742188,0,True,False,False,False
154295432,"{'steamid': '76561198811468031', 'num_games_owned': 142, 'num_reviews': 10, 'playtime_forever': 77398, 'playtime_last_two_weeks': 1698, 'playtime_at_review': 45015, 'last_played': 1762271621}",schinese,重置段位我现在才回宗师，wcsndm,1703424775,1732970537,False,0,0,0.5,0,True,False,False,False
179702469,"{'steamid': '76561199131757145', 'num_games_owned': 119, 'num_reviews': 18, 'playtime_forever': 34100, 'playtime_last_two_weeks': 0, 'playtime_at_review': 30829, 'last_played': 1754348829}",english,"A thousand promises, none of witch were delivered on",1732431126,1732431126,False,4,1,0.5,0,True,False,False,False
177947145,"{'steamid': '76561197995292769', 'num_games_owned': 497, 'num_reviews': 110, 'playtime_forever': 1378, 'playtime_last_two_weeks': 0, 'playtime_at_review': 1378, 'last_played': 1730302991}",german,"scheiss spiel.. wollte mal wieder reinschauen hab nen neuen account erstellt handy nr angegeben aber geht nicht weil mit altem account verknüpft den ich nicht mehr habe und blizzard support ist zu dämlich zu helfen. also das wars jetzt ist blizzard komplett gestorben für mich.  einfach nur noch nen drecksverein. dann zock ich doch mal paladins oder so das ist bestimmt tausend mal besser.

zu ow war eh scheiss matchmaking als ich noch aktiv war und es zu ^teil2^wurde",1730161704,1730304722,False,0,0,0.5,0,True,False,False,False
177552392,"{'steamid': '76561198167555272', 'num_games_owned': 66, 'num_reviews': 10, 'playtime_forever': 5559, 'playtime_last_two_weeks': 0, 'playtime_at_review': 4716, 'last_played': 1760241147}",english,blizzard ruined it the second they chose to chose money over their playerbase,1729635465,1729635465,False,4,0,0.513215899467468262,0,True,False,False,False
177167028,"{'steamid': '76561199494108031', 'num_games_owned': 0, 'num_reviews': 2, 'playtime_forever': 2617, 'playtime_last_two_weeks': 0, 'playtime_at_review': 365, 'last_played': 1736018512}",italian,mi cago adosso quabdo ci gioco (ho 800 ore su sta merd) (3 account),1729101317,1729101317,False,0,0,0.5,0,True,False,False,False
177060450,"{'steamid': '76561198947490242', 'num_games_owned': 320, 'num_reviews': 18, 'playtime_forever': 1585, 'playtime_last_two_weeks': 0, 'playtime_at_review': 1498, 'last_played': 1741524627}",english,"They took offline a cool hero shooter (Overwatch 1) to force people to play this F2P version of it that does not deserve the 2 in its name. If anything, it is Overwatch 0.5.
The promised story mode was lackluster and nothing like any story of a story game.
Also: being required to pay €10 for changing your nickname a second time. Peak capitalism.
While the game is F2P which enables tons of hackers to flush the game, you are still enabled to buy a skin pack containing four skins, one banner, and five player icons for €56 or a single weapon skin for €40

Stay clear from this scummy, greedy company & game.",1728938612,1728938612,False,5,0,0.55294114351272583,0,True,False,False,False
176523196,"{'steamid': '76561199206349535', 'num_games_owned': 44, 'num_reviews': 1, 'playtime_forever': 54, 'playtime_last_two_weeks': 0, 'playtime_at_review': 54, 'last_played': 1728013176}",english,chatão vei,1728248156,1728248156,False,0,0,0.5,0,True,False,False,False
176019996,"{'steamid': '76561198308278770', 'num_games_owned': 227, 'num_reviews': 11, 'playtime_forever': 12191, 'playtime_last_two_weeks': 0, 'playtime_at_review': 8767, 'last_played': 1758123063}",english,shit game but easy to stream,1727612869,1727612869,False,1,0,0.5,0,True,False,False,False
173374787,"{'steamid': '76561199203123599', 'num_games_owned': 64, 'num_reviews': 12, 'playtime_forever': 16068, 'playtime_last_two_weeks': 0, 'playtime_at_review': 8945, 'last_played': 1735686425}",english,I hate it.,1724614976,1724614976,False,0,1,0.485553771257400513,0,True,False,False,False
172300082,"{'steamid': '76561199227172103', 'num_games_owned': 0, 'num_reviews': 9, 'playtime_forever': 13676, 'playtime_last_two_weeks': 0, 'playtime_at_review': 3985, 'last_played': 1760056133}",english,what da hellllll oh my gawddd no wayayay,1723878896,1723878896,False,2,0,0.495978623628616333,0,True,False,False,False
172090450,"{'steamid': '76561198167963749', 'num_games_owned': 0, 'num_reviews': 5, 'playtime_forever': 37706, 'playtime_last_two_weeks': 380, 'playtime_at_review': 19439, 'last_played': 1762149408}",english,this game is so shit they don't give a shit about the player base or any input we have and it has been such an awful experience they wont fix any characters they keep fucking buffing them it makes me want to kill myself this game is my 13th reason,1723616449,1723616449,False,0,1,0.490196079015731812,1,True,False,False,False
170021467,"{'steamid': '76561199127302892', 'num_games_owned': 38, 'num_reviews': 1, 'playtime_forever': 3972, 'playtime_last_two_weeks': 0, 'playtime_at_review': 1831, 'last_played': 1723068698}",english,still worse then overwatch 2,1721157942,1721157942,False,1,0,0.485553771257400513,0,True,False,False,False
169480377,"{'steamid': '76561198097699264', 'num_games_owned': 0, 'num_reviews': 9, 'playtime_forever': 16842, 'playtime_last_two_weeks': 297, 'playtime_at_review': 12682, 'deck_playtime_at_review': 15, 'last_played': 1762146764}",english,"If you have a problem with anything in this game, for the love of god DO NOT tell the developers. EVERY UPDATE is somehow the exact opposite of what anyone wants, so they'll come out with some ""community update"" where they pretend to listen and even fake an idea or two just to MAKE IT WORSE!",1720593898,1720593898,False,1,0,0.5,0,True,False,False,False
168689648,"{'steamid': '76561199032769243', 'num_games_owned': 14, 'num_reviews': 3, 'playtime_forever': 11890, 'playtime_last_two_weeks': 0, 'playtime_at_review': 8945, 'last_played': 1726402144}",schinese,非常恶心的一款游戏，玩全没有可玩性,1719838453,1719838453,False,0,0,0.5,0,True,False,False,False
166829099,"{'steamid': '76561197986678740', 'num_games_owned': 466, 'num_reviews': 16, 'playtime_forever': 35482, 'playtime_last_two_weeks': 231, 'playtime_at_review': 23411, 'last_played': 1762118319}",english,There are nothing but cheaters in almost every game.,1717710537,1717710537,False,0,0,0.47826087474822998,0,True,False,False,False
166713588,"{'steamid': '76561198258990630', 'num_games_owned': 129, 'num_reviews': 30, 'playtime_forever': 42297, 'playtime_last_two_weeks': 720, 'playtime_at_review': 14199, 'last_played': 1762278003}",english,i miss og overwatch :(,1717564598,1717564598,False,24,0,0.671634018421173096,0,True,False,False,False
166403451,"{'steamid': '76561198436780826', 'num_games_owned': 26, 'num_reviews': 2, 'playtime_forever': 4304, 'playtime_last_two_weeks': 0, 'playtime_at_review': 500, 'last_played': 1749488567}",schinese,非常垃圾,1717171275,1717171275,False,0,0,0.5,0,True,False,False,False
166288411,"{'steamid': '76561198082559753', 'num_games_owned': 0, 'num_reviews': 10, 'playtime_forever': 20857, 'playtime_last_two_weeks': 0, 'playtime_at_review': 11172, 'last_played': 1760518154}",english,Playing Overwatch 2 cured my addiction to playing Overwatch,1717003824,1717003824,False,0,1,0.5,0,True,False,False,False
165428097,"{'steamid': '76561198980429785', 'num_games_owned': 42, 'num_reviews': 1, 'playtime_forever': 467, 'playtime_last_two_weeks': 0, 'playtime_at_review': 467, 'last_played': 1703110860}",english,"Mainly because when I went to merge my xbox account with the PC one, it led to me losing all my collected skins, sprays, charms, everything I had collected from overwatch 1 on my xbox account.",1715803180,1715803180,False,1,0,0.472440958023071289,0,True,False,False,False
143877747,"{'steamid': '76561198896581891', 'num_games_owned': 85, 'num_reviews': 6, 'playtime_forever': 24155, 'playtime_last_two_weeks': 0, 'playtime_at_review': 11, 'last_played': 1746654199}",schinese,"2024\02\14：烙铁，我第九赛季的开战礼包呢？被你吃了？
2024\04\17：烙铁，你这战令给的东西是一削再削啊，用金币银币神话币占住以前奖励的位置，你是真🗡啊",1691754236,1713331745,False,12,4,0.526639342308044434,0,True,False,False,False
163017496,"{'steamid': '76561198079433664', 'num_games_owned': 1009, 'num_reviews': 80, 'playtime_forever': 1961, 'playtime_last_two_weeks': 0, 'playtime_at_review': 1960, 'deck_playtime_at_review': 182, 'last_played': 1714412999}",english,"Look, deep down there is a good idea, fun story to tell, and potentially good game-play. But unfortunately some people care more about trying to make as much money as possible, and not making a good game.",1713314147,1713314147,False,7,0,0.544629096984863281,0,True,False,False,False
162475091,"{'steamid': '76561198071979635', 'num_games_owned': 0, 'num_reviews': 2, 'playtime_forever': 7058, 'playtime_last_two_weeks': 0, 'playtime_at_review': 7058, 'last_played': 1702568463}",english,"Unfortunately, no one is playing the game. Blizzard went crazy trying to build the ""right"" atmosphere in their opinion. The support is completely incompetent. The ban system is unfair and absurd. There are no events comparable to Overwatch 1 and there will not be.",1712575963,1712575963,False,9,0,0.500991582870483398,1,True,False,False,False
144580415,"{'steamid': '76561199002593692', 'num_games_owned': 0, 'num_reviews': 56, 'playtime_forever': 565, 'playtime_last_two_weeks': 0, 'playtime_at_review': 23, 'last_played': 1710440072}",english,DOESNT EVEN RUN ON MY PC,1692465827,1710859995,False,0,0,0.476190477609634399,1,True,False,False,False
160656709,"{'steamid': '76561198292248234', 'num_games_owned': 0, 'num_reviews': 33, 'playtime_forever': 8695, 'playtime_last_two_weeks': 0, 'playtime_at_review': 4520, 'last_played': 1759082752}",english,way to kill a game,1710585690,1710585690,False,11,0,0.551635086536407471,0,True,False,False,False
154297776,"{'steamid': '76561198165576025', 'num_games_owned': 171, 'num_reviews': 10, 'playtime_forever': 9950, 'playtime_last_two_weeks': 0, 'playtime_at_review': 277, 'last_played': 1724251714}",schinese,铸币平衡，垃圾游戏，匹配机制逆天,1703426819,1708697414,False,0,0,0.5,0,True,False,False,False
158815177,"{'steamid': '76561198148308847', 'num_games_owned': 0, 'num_reviews': 9, 'playtime_forever': 1295, 'playtime_last_two_weeks': 0, 'playtime_at_review': 1295, 'last_played': 1708446324}",russian,"Какая контора пидарасов, такая и игра",1708446375,1708446375,False,0,0,0.5,0,True,False,False,False
158612470,"{'steamid': '76561199137543935', 'num_games_owned': 193, 'num_reviews': 3, 'playtime_forever': 22181, 'playtime_last_two_weeks': 0, 'playtime_at_review': 4894, 'last_played': 1738914090}",schinese,巧克力味的屎,1708250533,1708250533,False,1,0,0.523809552192687988,0,True,False,False,False
158442552,"{'steamid': '76561198383559086', 'num_games_owned': 0, 'num_reviews': 46, 'playtime_forever': 213, 'playtime_last_two_weeks': 0, 'playtime_at_review': 213, 'last_played': 1706527280}",english,"Bought the fabled PVE, Played the PVE, was satisfied by the PVE, then realised that i have made a mistake, proceeds to never play this ever again DX",1708086421,1708086421,False,2,2,0.503773093223571777,0,True,False,False,False
158418887,"{'steamid': '76561199114262819', 'num_games_owned': 0, 'num_reviews': 2, 'playtime_forever': 946, 'playtime_last_two_weeks': 0, 'playtime_at_review': 259, 'last_played': 1725769182}",japanese,"Guy on my team in ranked completely threw the game, i think his name was twomad or something he wasnt moving at all",1708054453,1708054453,False,7,3,0.535769522190093994,0,True,False,False,False
157699656,"{'steamid': '76561199629195920', 'num_games_owned': 31, 'num_reviews': 5, 'playtime_forever': 46578, 'playtime_last_two_weeks': 0, 'playtime_at_review': 1668, 'last_played': 1735512224}",schinese,抛开国服的事情不谈，如果你喜欢坐牢，或者有抖M倾向，这款游戏很适合你,1707205216,1707205216,False,0,1,0.5,0,True,False,False,False
143835374,"{'steamid': '76561198328689641', 'num_games_owned': 338, 'num_reviews': 5, 'playtime_forever': 19531, 'playtime_last_two_weeks': 0, 'playtime_at_review': 209, 'deck_playtime_at_review': 51, 'last_played': 1758758448}",english,"Never seen actual theft from a game on steam before. Makes sense it was blizzard.

28 hours on steam, still shit
111 hours on steam, still shit
241 hours on steam, mythic skins ruinned :(

i am not review bombing this game, I am saying what i beleive",1691723990,1705261360,False,77,5,0.644656896591186523,0,True,False,False,False
155694766,"{'steamid': '76561199293802189', 'num_games_owned': 21, 'num_reviews': 1, 'playtime_forever': 15714, 'playtime_last_two_weeks': 0, 'playtime_at_review': 8093, 'last_played': 1739692096}",russian,game diff,1704901930,1704901930,False,1,0,0.476450473070144653,0,True,False,False,False
155380190,"{'steamid': '76561198044387870', 'num_games_owned': 0, 'num_reviews': 5, 'playtime_forever': 23040, 'playtime_last_two_weeks': 0, 'playtime_at_review': 434, 'last_played': 1755701323}",english,this game has a community that encourages racism,1704539055,1704539055,False,1,2,0.482352942228317261,1,True,False,False,False
154657807,"{'steamid': '76561198097308239', 'num_games_owned': 115, 'num_reviews': 12, 'playtime_forever': 532, 'playtime_last_two_weeks': 0, 'playtime_at_review': 85, 'last_played': 1758967779}",english,meh.,1703797040,1703797040,False,1,0,0.5,0,True,False,False,False
153149720,"{'steamid': '76561198337762077', 'num_games_owned': 0, 'num_reviews': 30, 'playtime_forever': 1151, 'playtime_last_two_weeks': 0, 'playtime_at_review': 281, 'last_played': 1703458460}",english,more Pve content pls,1702065167,1702065167,False,1,0,0.5,0,True,False,False,False
153062303,"{'steamid': '76561199194846098', 'num_games_owned': 0, 'num_reviews': 17, 'playtime_forever': 3927, 'playtime_last_two_weeks': 0, 'playtime_at_review': 383, 'last_played': 1760546602}",english,save yourself,1701976229,1701976229,False,9,2,0.524606704711914062,0,True,False,False,False
153014858,"{'steamid': '76561198886682184', 'num_games_owned': 0, 'num_reviews': 18, 'playtime_forever': 247, 'playtime_last_two_weeks': 0, 'playtime_at_review': 214, 'last_played': 1701957475}",schinese,需要手机号？,1701904362,1701904362,False,1,0,0.5,0,True,False,False,False
152957347,"{'steamid': '76561198041460901', 'num_games_owned': 113, 'num_reviews': 20, 'playtime_forever': 1327, 'playtime_last_two_weeks': 0, 'playtime_at_review': 870, 'last_played': 1711731346}",japanese,"人を罵倒するゲーム
OWをプレイしているプレイヤーとゲームしても楽しくねぇよ
ゲームやめろカス",1701822139,1701822139,False,6,4,0.415736258029937744,0,True,False,False,False
152920738,"{'steamid': '76561198368413120', 'num_games_owned': 119, 'num_reviews': 3, 'playtime_forever': 73, 'playtime_last_two_weeks': 0, 'playtime_at_review': 64, 'last_played': 1701778913}",schinese,游戏启动1个小时全是在搞这个sb账号之前的账号用不了现在又要重新注册绑定了邮箱之后又让我绑定手机号我上哪搞香港还有台湾手机号？？？,1701777811,1701777811,False,0,0,0.5,0,True,False,False,False
152171796,"{'steamid': '76561198057624406', 'num_games_owned': 561, 'num_reviews': 48, 'playtime_forever': 79444, 'playtime_last_two_weeks': 2119, 'playtime_at_review': 4173, 'last_played': 1762227814}",english,blizzard why,1701055643,1701055643,False,0,0,0.5,0,True,False,False,False
151241294,"{'steamid': '76561198884413727', 'num_games_owned': 133, 'num_reviews': 11, 'playtime_forever': 12407, 'playtime_last_two_weeks': 437, 'playtime_at_review': 3115, 'last_played': 1762152784}",english,Porn creators are more hard working than Blizzard is ong.,1700715732,1700715732,False,4,2,0.509186387062072754,0,True,False,False,False
150850919,"{'steamid': '76561198408682681', 'num_games_owned': 332, 'num_reviews': 2, 'playtime_forever': 92414, 'playtime_last_two_weeks': 0, 'playtime_at_review': 2712, 'last_played': 1743754981}",schinese,如果这是2016，那我会写好评,1700629580,1700629580,False,0,0,0.5,0,True,False,False,False
144072795,"{'steamid': '76561198023674635', 'num_games_owned': 0, 'num_reviews': 11, 'playtime_forever': 3929, 'playtime_last_two_weeks': 0, 'playtime_at_review': 161, 'last_played': 1716630460}",english,"Developers of hentai games put more work in their games.

Edit: Still bad.",1691916458,1700606039,False,26,9,0.533271372318267822,0,True,True,False,False
150487630,"{'steamid': '76561198115784277', 'num_games_owned': 0, 'num_reviews': 4, 'playtime_forever': 67615, 'playtime_last_two_weeks': 1682, 'playtime_at_review': 706, 'last_played': 1762267378}",schinese,一坨,1700483118,1700483118,False,0,0,0.5,0,True,False,False,False
150095296,"{'steamid': '76561198397623150', 'num_games_owned': 0, 'num_reviews': 40, 'playtime_forever': 4654, 'playtime_last_two_weeks': 0, 'playtime_at_review': 397, 'last_played': 1754755805}",schinese,sm暴雪，sm烤dick，暴雪游戏这辈子是不会再玩了,1699931026,1699931026,False,1,0,0.476190477609634399,0,True,False,False,False
149222164,"{'steamid': '76561198383131774', 'num_games_owned': 0, 'num_reviews': 2, 'playtime_forever': 1181, 'playtime_last_two_weeks': 0, 'playtime_at_review': 322, 'last_played': 1748635051}",german,"...
",1698707847,1698707847,False,0,0,0.466666668653488159,0,True,False,False,False
148710540,"{'steamid': '76561198390186169', 'num_games_owned': 192, 'num_reviews': 31, 'playtime_forever': 25718, 'playtime_last_two_weeks': 0, 'playtime_at_review': 6537, 'last_played': 1745638950}",english,This is not a good videogame nor a good company.,1698029434,1698029434,False,0,0,0.5,0,True,False,False,False
148658398,"{'steamid': '76561199563602273', 'num_games_owned': 0, 'num_reviews': 1, 'playtime_forever': 21, 'playtime_last_two_weeks': 0, 'playtime_at_review': 15, 'last_played': 1697973320}",russian,Ужасная политика блочат за просто так даже донат не забрать,1697966175,1697966175,False,0,0,0.5,0,True,False,False,False
148470643,"{'steamid': '76561198320772186', 'num_games_owned': 110, 'num_reviews': 3, 'playtime_forever': 9724, 'playtime_last_two_weeks': 0, 'playtime_at_review': 4947, 'last_played': 1755364534}",english,Win all your competitive games and still not rank up.  Competitive is really poorly done.,1697690062,1697690062,False,12,2,0.563388466835021973,0,True,False,False,False
148270102,"{'steamid': '76561198003514747', 'num_games_owned': 0, 'num_reviews': 11, 'playtime_forever': 4712, 'playtime_last_two_weeks': 0, 'playtime_at_review': 3627, 'last_played': 1722928578}",english,"This fps is very sniper-centric. If you have a Widowmaker or a Hanzo on your team that can aim decently or better, and have an aim bot (blizzard does nothing about them), then you can win.",1697367562,1697367562,False,0,1,0.5,0,True,False,False,False
148097555,"{'steamid': '76561198255170358', 'num_games_owned': 262, 'num_reviews': 14, 'playtime_forever': 2120, 'playtime_last_two_weeks': 0, 'playtime_at_review': 1181, 'last_played': 1744773669}",english,dog,1697142497,1697142497,False,0,0,0.5,0,True,False,False,False
148009094,"{'steamid': '76561199135238905', 'num_games_owned': 0, 'num_reviews': 1, 'playtime_forever': 13537, 'playtime_last_two_weeks': 0, 'playtime_at_review': 7159, 'last_played': 1748201201}",spanish,"es una mierda, muchos br que son enojones, ya de entrada te insultan sin sentido, los servidores ahora se caen mas de 280 de ping y hasta 300 llega, quieren revivirlo con nuevas temporadas y no lo logran, te venden ese dlc con 4 misiones pedorras encima, ojala y muera de una vez el jueguito porque nisiquiera mantienen los servidores los hdp",1696996213,1696996213,False,0,0,0.5,0,True,False,False,False
147758634,"{'steamid': '76561198275279090', 'num_games_owned': 0, 'num_reviews': 4, 'playtime_forever': 1353, 'playtime_last_two_weeks': 0, 'playtime_at_review': 1232, 'last_played': 1723406695}",german,its ass the story mode is overpriced and just sucks ass wouldn`t recommend downloading this game unless you want to play merely with friends and not online since i can garantee you that you will sweat even if you try to only have fun,1696620796,1696620796,False,2,1,0.53271031379699707,0,True,False,False,False
146995710,"{'steamid': '76561198232476028', 'num_games_owned': 274, 'num_reviews': 23, 'playtime_forever': 126, 'playtime_last_two_weeks': 0, 'playtime_at_review': 126, 'last_played': 1693918906}",schinese,.,1695641856,1695641856,False,0,0,0.47826087474822998,0,True,False,False,False
146773380,"{'steamid': '76561199062914734', 'num_games_owned': 0, 'num_reviews': 1, 'playtime_forever': 1991, 'playtime_last_two_weeks': 0, 'playtime_at_review': 1683, 'last_played': 1696252630}",schinese,垃圾,1695383100,1695383100,False,2,0,0.528795838356018066,0,True,False,False,False
146522358,"{'steamid': '76561198894990512', 'num_games_owned': 0, 'num_reviews': 8, 'playtime_forever': 74, 'playtime_last_two_weeks': 10, 'playtime_at_review': 43, 'last_played': 1762251530}",schinese,买了dlc玩不了。垃圾暴雪,1695026691,1695026691,False,0,0,0.5,0,True,False,False,False
146431506,"{'steamid': '76561198043490621', 'num_games_owned': 0, 'num_reviews': 1, 'playtime_forever': 198, 'playtime_last_two_weeks': 0, 'playtime_at_review': 151, 'last_played': 1697148890}",english,Bad,1694902702,1694902702,False,0,0,0.5,0,True,False,False,False
145956762,"{'steamid': '76561199030416566', 'num_games_owned': 12, 'num_reviews': 1, 'playtime_forever': 13666, 'playtime_last_two_weeks': 0, 'playtime_at_review': 931, 'last_played': 1709960294}",schinese,垃圾游戏毁我青春,1694233709,1694233709,False,2,1,0.528795838356018066,0,True,False,False,False
145917180,"{'steamid': '76561199238335075', 'num_games_owned': 11, 'num_reviews': 3, 'playtime_forever': 64296, 'playtime_last_two_weeks': 0, 'playtime_at_review': 989, 'last_played': 1739899037}",schinese,垃圾,1694184591,1694184591,False,0,0,0.5,0,True,False,False,False
145907723,"{'steamid': '76561198093845675', 'num_games_owned': 0, 'num_reviews': 2, 'playtime_forever': 2457, 'playtime_last_two_weeks': 0, 'playtime_at_review': 1261, 'last_played': 1737152792}",schinese,先把欠我的换了再说,1694173915,1694173915,False,1,0,0.502487540245056152,0,True,False,False,False
145824713,"{'steamid': '76561198012222450', 'num_games_owned': 0, 'num_reviews': 16, 'playtime_forever': 1544, 'playtime_last_two_weeks': 0, 'playtime_at_review': 1544, 'last_played': 1694049327}",english,"So many cheats and bots these days in most FPS, so I play the AI only, with ""supposed"" teammates on the easiest level.   I don't play for points, leveling, cool locks, but I do purchase things just to fund the company.   I play to get my head out of the F'ed up world we live in.   While playing, we are doing great and just about to win then all of a sudden, AI becomes unstoppable.  We spend the next 5 minutes dying over and over.  My Gift to Blizzard - UNINSTALLED!",1694049724,1694049724,False,4,1,0.499957054853439331,0,True,False,False,False
145816430,"{'steamid': '76561199047513313', 'num_games_owned': 170, 'num_reviews': 5, 'playtime_forever': 3479, 'playtime_last_two_weeks': 1769, 'playtime_at_review': 305, 'last_played': 1762066954}",schinese,玩你牛魔玩你牛魔玩你牛魔玩你牛魔！！！！！！！！！！！！！,1694037708,1694037708,False,0,1,0.5,0,True,False,False,False
145566880,"{'steamid': '76561199522525561', 'num_games_owned': 0, 'num_reviews': 2, 'playtime_forever': 16, 'playtime_last_two_weeks': 0, 'playtime_at_review': 16, 'last_played': 1692711786}",schinese,"煞笔暴雪马勒戈壁老子草泥马祖宗18代草泥马的个b，老子专门花99骂你这个b的畜生司马玩意你™生的小孩都他妈没屁眼草泥马了个b，谁他妈玩谁尼玛是煞笔，老子专门花99就骂你他妈个b出生玩意草泥马骂完老子还要把你删，老子的库不是垃圾桶哦不对老子的库不是化粪池草泥马勒戈壁的早点尼玛死绝
",1693712158,1693712158,False,0,0,0.5,0,True,False,False,False
145261029,"{'steamid': '76561199029828056', 'num_games_owned': 36, 'num_reviews': 3, 'playtime_forever': 27, 'playtime_last_two_weeks': 0, 'playtime_at_review': 27, 'last_played': 1693317494}",schinese,不理解加验证手机号，大陆的玩家怎么玩？不会做游戏就不要做，傻逼游戏！,1693317991,1693317991,False,2,0,0.523809552192687988,0,True,False,False,False
145148368,"{'steamid': '76561199121740691', 'num_games_owned': 0, 'num_reviews': 13, 'playtime_forever': 22483, 'playtime_last_two_weeks': 0, 'playtime_at_review': 275, 'last_played': 1743022489}",brazilian,"quero reembolso de todas as minhas horas, dias, semanas e anos que gastei nessa porcaria de jogo, vai pro inferno Blizzard :)",1693158405,1693158405,False,1,0,0.523809552192687988,0,True,False,False,False
145116039,"{'steamid': '76561198346865327', 'num_games_owned': 0, 'num_reviews': 3, 'playtime_forever': 5820, 'playtime_last_two_weeks': 0, 'playtime_at_review': 466, 'last_played': 1726594535}",schinese,dddd,1693126487,1693126487,False,0,0,0.5,0,True,False,False,False
145070942,"{'steamid': '76561198061639792', 'num_games_owned': 362, 'num_reviews': 39, 'playtime_forever': 13, 'playtime_last_two_weeks': 0, 'playtime_at_review': 13, 'last_played': 1693067960}",english,.,1693068417,1693068417,False,2,1,0.486298710107803345,0,True,False,False,False
145026791,"{'steamid': '76561198044260220', 'num_games_owned': 0, 'num_reviews': 1, 'playtime_forever': 56228, 'playtime_last_two_weeks': 1568, 'playtime_at_review': 2328, 'last_played': 1762276308}",english,lmao wtf,1693015005,1693015005,False,4,0,0.490708470344543457,0,True,False,False,False
144817251,"{'steamid': '76561198130771914', 'num_games_owned': 363, 'num_reviews': 4, 'playtime_forever': 292, 'playtime_last_two_weeks': 0, 'playtime_at_review': 211, 'last_played': 1699808743}",german,"für 15€ maximal 3h Spielzeit ist sehr schwach vor allem wenn man bedenkt das es mit Overwatch 2 von Anfang an rauskommen sollte und dann kann man die alten Statistiken nicht mal in diese neuen medialen übernehmen.

einfach nur beschämend und wie kann man so auf seine Community scheißen das ist mir echt ein Rätzel

aber hey nach 3 Jahren programmieren kann man ja auch nicht mehr erwarten",1692740175,1692740175,False,2,0,0.5,0,True,False,False,False
144665208,"{'steamid': '76561198445369578', 'num_games_owned': 154, 'num_reviews': 1, 'playtime_forever': 27052, 'playtime_last_two_weeks': 0, 'playtime_at_review': 12, 'last_played': 1734253206}",english,Need I say more?,1692559118,1692559118,False,10,1,0.525159776210784912,0,True,False,False,False
144542679,"{'steamid': '76561198056944940', 'num_games_owned': 242, 'num_reviews': 10, 'playtime_forever': 2659, 'playtime_last_two_weeks': 0, 'playtime_at_review': 402, 'last_played': 1705123491}",english,"I cant really say anything that the other 140,000 reviews (at this time) have already elaborated on. Not worth your time",1692426542,1692426542,False,6,0,0.517355203628540039,0,True,False,False,False
144526218,"{'steamid': '76561198984456841', 'num_games_owned': 198, 'num_reviews': 3, 'playtime_forever': 9622, 'playtime_last_two_weeks': 0, 'playtime_at_review': 284, 'last_played': 1760492920}",english,boooooooooo game takes my money and does fuck all with it :(,1692405199,1692405199,False,3,0,0.512195110321044922,0,True,False,False,False
144457816,"{'steamid': '76561199075842699', 'num_games_owned': 68, 'num_reviews': 3, 'playtime_forever': 14188, 'playtime_last_two_weeks': 0, 'playtime_at_review': 767, 'last_played': 1756864584}",english,The only good thing about this game is the content creators. One of them made 34 tips for every hero and it helped me improve. Just search up rule 34 for any hero in the game and you should find it.,1692327934,1692327934,False,34,16,0.643577098846435547,0,True,False,False,False
144328126,"{'steamid': '76561198840298656', 'num_games_owned': 0, 'num_reviews': 2, 'playtime_forever': 29575, 'playtime_last_two_weeks': 0, 'playtime_at_review': 19, 'last_played': 1752854256}",schinese,byd真会赚钱啊，你的公司像一条被碾死的烂狗,1692184773,1692184773,False,10,1,0.559510588645935059,0,True,False,False,False
144316753,"{'steamid': '76561198186977871', 'num_games_owned': 284, 'num_reviews': 114, 'playtime_forever': 1096, 'playtime_last_two_weeks': 0, 'playtime_at_review': 204, 'last_played': 1732905660}",english,TF2 is also free! play that instead.,1692170160,1692170160,False,76,1,0.689103960990905762,2,True,False,False,False
144315165,"{'steamid': '76561198130170230', 'num_games_owned': 0, 'num_reviews': 2, 'playtime_forever': 24, 'playtime_last_two_weeks': 0, 'playtime_at_review': 24, 'last_played': 1691716502}",english,I'll cast my chips in the fire.,1692167633,1692167633,False,5,1,0.508031964302062988,0,True,False,False,False
144286401,"{'steamid': '76561198450248655', 'num_games_owned': 60, 'num_reviews': 1, 'playtime_forever': 1010, 'playtime_last_two_weeks': 0, 'playtime_at_review': 6, 'last_played': 1714274470}",schinese,lou逼lou逼lou逼lou逼lou逼lou逼lou逼lou逼lou逼lou逼lou逼lou逼lou逼lou逼lou逼lou逼lou逼lou逼lou逼lou逼lou逼lou逼lou逼lou逼lou逼lou逼lou逼lou逼lou逼lou逼lou逼lou逼lou逼lou逼lou逼lou逼lou逼lou逼lou逼lou逼lou逼lou逼lou逼lou逼lou逼lou逼lou逼lou逼lou逼lou逼lou逼lou逼lou逼lou逼lou逼lou逼lou逼lou逼lou逼lou逼lou逼lou逼lou逼lou逼lou逼lou逼lou逼lou逼lou逼lou逼lou逼lou逼lou逼lou逼lou逼lou逼lou逼lou逼lou逼lou逼lou逼lou逼lou逼lou逼lou逼lou逼lou逼lou逼lou逼lou逼lou逼lou逼lou逼lou逼lou逼lou逼lou逼lou逼lou逼lou逼lou逼lou逼lou逼lou逼lou逼lou逼lou逼lou逼lou逼lou逼lou逼lou逼lou逼lou逼lou逼lou逼lou逼lou逼lou逼lou逼lou逼lou逼lou逼lou逼lou逼lou逼lou逼lou逼lou逼lou逼lou逼lou逼lou逼lou逼lou逼lou逼lou逼lou逼lou逼lou逼lou逼lou逼lou逼lou逼lou逼lou逼lou逼lou逼lou逼lou逼lou逼lou逼lou逼lou逼lou逼lou逼lou逼lou逼lou逼lou逼lou逼lou逼lou逼lou逼lou逼lou逼lou逼lou逼lou逼lou逼lou逼lou逼lou逼lou逼lou逼lou逼lou逼lou逼lou逼lou逼lou逼lou逼lou逼lou逼lou逼lou逼lou逼lou逼lou逼lou逼lou逼lou逼lou逼lou逼lou逼lou逼lou逼lou逼lou逼lou逼lou逼lou逼lou逼lou逼lou逼lou逼lou逼lou逼lou逼lou逼lou逼lou逼lou逼lou逼lou逼lou逼lou逼lou逼lou逼lou逼lou逼lou逼lou逼lou逼lou逼lou逼lou逼lou逼lou逼lou逼lou逼lou逼lou逼lou逼lou逼lou逼lou逼lou逼lou逼lou逼lou逼lou逼lou逼lou逼lou逼lou逼lou逼lou逼lou逼lou逼lou逼lou逼lou逼lou逼lou逼lou逼lou逼lou逼lou逼lou逼lou逼lou逼lou逼lou逼lou逼lou逼lou逼lou逼lou逼lou逼lou逼lou逼lou逼lou逼lou逼lou逼lou逼lou逼lou逼lou逼lou逼lou逼lou逼lou逼lou逼lou逼lou逼lou逼lou逼lou逼lou逼lou逼lou逼lou逼lou逼lou逼lou逼lou逼lou逼lou逼lou逼lou逼lou逼lou逼lou逼lou逼lou逼lou逼lou逼lou逼lou逼lou逼lou逼lou逼lou逼lou逼lou逼lou逼lou逼lou逼lou逼lou逼lou逼lou逼lou逼lou逼lou逼lou逼lou逼lou逼lou逼lou逼lou逼lou逼lou逼lou逼lou逼lou逼lou逼lou逼lou逼lou逼lou逼lou逼lou逼lou逼lou逼lou逼lou逼lou逼lou逼lou逼lou逼lou逼lou逼lou逼lou逼lou逼lou逼lou逼lou逼lou逼lou逼lou逼lou逼lou逼lou逼lou逼lou逼lou逼lou逼lou逼lou逼lou逼lou逼lou逼lou逼lou逼lou逼lou逼lou逼lou逼lou逼lou逼lou逼lou逼lou逼lou逼lou逼lou逼lou逼lou逼lou逼lou逼lou逼lou逼lou逼lou逼lou逼lou逼lou逼lou逼lou逼lou逼lou逼lou逼lou逼lou逼lou逼lou逼lou逼lou逼lou逼lou逼lou逼lou逼lou逼lou逼lou逼lou逼lou逼lou逼lou逼lou逼lou逼lou逼lou逼lou逼lou逼lou逼lou逼lou逼lou逼lou逼lou逼lou逼lou逼lou逼lou逼lou逼lou逼lou逼lou逼lou逼lou逼lou逼lou逼lou逼lou逼lou逼lou逼lou逼lou逼lou逼lou逼lou逼lou逼lou逼lou逼lou逼lou逼lou逼lou逼lou逼lou逼lou逼lou逼lou逼,1692129519,1692129519,False,7,0,0.53301084041595459,0,True,False,False,False
144279886,"{'steamid': '76561199028210500', 'num_games_owned': 30, 'num_reviews': 5, 'playtime_forever': 12762, 'playtime_last_two_weeks': 0, 'playtime_at_review': 1403, 'last_played': 1715428578}",schinese,"因为考迪克
",1692122930,1692122930,False,7,0,0.533239066600799561,0,True,False,False,False
144256905,"{'steamid': '76561198398505786', 'num_games_owned': 68, 'num_reviews': 4, 'playtime_forever': 25158, 'playtime_last_two_weeks': 0, 'playtime_at_review': 36, 'last_played': 1739993349}",schinese,很喜欢玩，但是没有一帆风顺的人生，先给个差评,1692103119,1692103119,False,8,0,0.530003786087036133,0,True,False,False,False
144243090,"{'steamid': '76561198384802787', 'num_games_owned': 1070, 'num_reviews': 16, 'playtime_forever': 22, 'playtime_last_two_weeks': 0, 'playtime_at_review': 22, 'last_played': 1691779013}",schinese,打不开游戏,1692087978,1692087978,False,4,1,0.503610134124755859,0,True,False,False,False
144230834,"{'steamid': '76561198376888999', 'num_games_owned': 288, 'num_reviews': 5, 'playtime_forever': 3298, 'playtime_last_two_weeks': 0, 'playtime_at_review': 152, 'last_played': 1716640664}",schinese,我曾经以这个游戏为豪，但现在我只想要他4,1692072007,1692072007,False,8,0,0.52708512544631958,0,True,False,False,False
144170012,"{'steamid': '76561198290384951', 'num_games_owned': 267, 'num_reviews': 7, 'playtime_forever': 50266, 'playtime_last_two_weeks': 0, 'playtime_at_review': 66, 'last_played': 1738941341}",schinese,考迪克什么时候死啊,1692014554,1692014554,False,8,0,0.534252285957336426,0,True,False,False,False
144168411,"{'steamid': '76561199227131777', 'num_games_owned': 17, 'num_reviews': 3, 'playtime_forever': 11447, 'playtime_last_two_weeks': 0, 'playtime_at_review': 892, 'last_played': 1737236442}",schinese,退钱！！！！！！！！！！！！！！！,1692013096,1692013096,False,4,0,0.518518567085266113,0,True,False,False,False
144139506,"{'steamid': '76561198241105912', 'num_games_owned': 0, 'num_reviews': 17, 'playtime_forever': 8481, 'playtime_last_two_weeks': 0, 'playtime_at_review': 151, 'last_played': 1730164600}",english,Damn???? Fr????,1691977534,1691977534,False,10,0,0.550275623798370361,0,True,False,False,False
144101661,"{'steamid': '76561199029856069', 'num_games_owned': 101, 'num_reviews': 5, 'playtime_forever': 134, 'playtime_last_two_weeks': 0, 'playtime_at_review': 134, 'last_played': 1691778522}",english,I installed this game from steam just to say that I fucking hate this game. Even overwatch r34 developers make better content than this shit. They also make it faster. Even legaue of legends is better,1691940357,1691940357,False,16,3,0.560517013072967529,0,True,False,False,False
144076343,"{'steamid': '76561198317244816', 'num_games_owned': 119, 'num_reviews': 2, 'playtime_forever': 203, 'playtime_last_two_weeks': 0, 'playtime_at_review': 170, 'last_played': 1720596790}",schinese, ...国服呢，必须给差评，半成品就卖,1691919801,1691919801,False,3,0,0.5,0,True,False,False,False
144075610,"{'steamid': '76561199084194722', 'num_games_owned': 66, 'num_reviews': 6, 'playtime_forever': 1854, 'playtime_last_two_weeks': 0, 'playtime_at_review': 71, 'last_played': 1694368875}",schinese,日你妈暴雪！把老子的PVE给我加回来，花钱了买了PVE就三关，一点意思都没有，还尼玛不能退款，我是傻逼,1691919202,1691919202,False,0,0,0.5,0,True,False,False,False
144069052,"{'steamid': '76561198363944244', 'num_games_owned': 0, 'num_reviews': 1, 'playtime_forever': 9896, 'playtime_last_two_weeks': 0, 'playtime_at_review': 359, 'last_played': 1712907214}",schinese,真的是开服老玩家，一直在玩，真不如单机，匹配跟一坨屎一样。老子的国服呢！,1691912760,1691912760,False,0,0,0.5,0,True,False,False,False
144068679,"{'steamid': '76561198816906866', 'num_games_owned': 12, 'num_reviews': 1, 'playtime_forever': 481, 'playtime_last_two_weeks': 0, 'playtime_at_review': 266, 'last_played': 1722478815}",schinese,垃圾游戏毁我青春,1691912350,1691912350,False,1,0,0.5,4,True,True,False,False
144028179,"{'steamid': '76561198318825892', 'num_games_owned': 0, 'num_reviews': 4, 'playtime_forever': 1308, 'playtime_last_two_weeks': 0, 'playtime_at_review': 288, 'last_played': 1693349327}",english,its just here for money,1691869876,1691869876,False,21,0,0.531598746776580811,0,True,False,False,False
144017082,"{'steamid': '76561198839165890', 'num_games_owned': 224, 'num_reviews': 2, 'playtime_forever': 49073, 'playtime_last_two_weeks': 0, 'playtime_at_review': 241, 'last_played': 1739637072}",schinese,牛魔暴雪，麻麻石蜡,1691860522,1691860522,False,2,0,0.505834996700286865,0,True,False,False,False
143996817,"{'steamid': '76561198402032125', 'num_games_owned': 114, 'num_reviews': 1, 'playtime_forever': 77, 'playtime_last_two_weeks': 0, 'playtime_at_review': 77, 'last_played': 1691825706}",schinese,怎么说呢，16年入手的守望先锋，那时候多好玩的，现在2023了，2023了啊还tm做的跟s一样，我看着dlc有新内容（pve）垃圾玩意（真不如去玩求生之路来的痛快）还不能退款这260只能说送鬼了madefuck,1691846813,1691846813,False,9,1,0.564817726612091064,0,True,False,False,False
143972621,"{'steamid': '76561198365286545', 'num_games_owned': 402, 'num_reviews': 9, 'playtime_forever': 13452, 'playtime_last_two_weeks': 0, 'playtime_at_review': 143, 'last_played': 1737431050}",schinese,烂,1691827508,1691827508,False,2,0,0.523809552192687988,0,True,False,False,False
143970397,"{'steamid': '76561199020896836', 'num_games_owned': 76, 'num_reviews': 5, 'playtime_forever': 7655, 'playtime_last_two_weeks': 0, 'playtime_at_review': 442, 'last_played': 1727361075}",english,"BOBBY KOTICK F****,******.******** YOU",1691825603,1691825603,False,35,3,0.60082089900970459,0,True,False,False,False
143964011,"{'steamid': '76561198413502575', 'num_games_owned': 0, 'num_reviews': 14, 'playtime_forever': 4625, 'playtime_last_two_weeks': 0, 'playtime_at_review': 680, 'last_played': 1748913913}",english,"terrible game, terrible company, terrible game again",1691819852,1691819852,False,38,3,0.578821480274200439,1,True,False,False,False
143949046,"{'steamid': '76561198373786208', 'num_games_owned': 125, 'num_reviews': 7, 'playtime_forever': 18563, 'playtime_last_two_weeks': 0, 'playtime_at_review': 135, 'last_played': 1739086148}",schinese,"烤迪克你一日不下台，我的差评也一日不下来哦！
烤迪克，你🐴似了！",1691807226,1691807226,False,8,0,0.551958203315734863,0,True,False,False,False
143914892,"{'steamid': '76561198158611752', 'num_games_owned': 393, 'num_reviews': 12, 'playtime_forever': 1205, 'playtime_last_two_weeks': 0, 'playtime_at_review': 100, 'last_played': 1723811095}",schinese,no one knows why a game that so perfect 7years ago end up being a totally trash…,1691776435,1691776435,False,17,2,0.581850647926330566,0,True,False,False,False
143906194,"{'steamid': '76561199002593909', 'num_games_owned': 72, 'num_reviews': 1, 'playtime_forever': 1626, 'playtime_last_two_weeks': 0, 'playtime_at_review': 15, 'last_played': 1697295972}",schinese,差评就完事了,1691770571,1691770571,False,6,0,0.505882382392883301,0,True,False,False,False
143905945,"{'steamid': '76561198365070407', 'num_games_owned': 67, 'num_reviews': 1, 'playtime_forever': 6018, 'playtime_last_two_weeks': 0, 'playtime_at_review': 123, 'last_played': 1739891181}",schinese,就跟前男友请我吃饭似的，又不想他死，忍不住来看看，又不想他过得好，得吐口口水。还不能不来，怕他以为我不恨他了，高低得来骂两句再走。,1691770410,1691770410,False,102,21,0.836662471294403076,0,True,False,False,False
143903280,"{'steamid': '76561198051154557', 'num_games_owned': 0, 'num_reviews': 24, 'playtime_forever': 15, 'playtime_last_two_weeks': 0, 'playtime_at_review': 15, 'last_played': 1691755265}",english,They dare to plague this platform.,1691768860,1691768860,False,83,10,0.692158222198486328,0,True,False,False,False
143898925,"{'steamid': '76561198379991249', 'num_games_owned': 0, 'num_reviews': 3, 'playtime_forever': 2306, 'playtime_last_two_weeks': 0, 'playtime_at_review': 52, 'last_played': 1697342242}",schinese,啐一口再走,1691766461,1691766461,False,8,1,0.505882382392883301,0,True,False,False,False
143863366,"{'steamid': '76561198817318133', 'num_games_owned': 0, 'num_reviews': 26, 'playtime_forever': 55, 'playtime_last_two_weeks': 0, 'playtime_at_review': 8, 'last_played': 1704030659}",schinese,我的入侵礼包呢？？？？rz暴雪把tm99块退回来,1691744715,1691744715,False,16,10,0.542150020599365234,0,True,False,False,False
143856647,"{'steamid': '76561198334785406', 'num_games_owned': 98, 'num_reviews': 12, 'playtime_forever': 27558, 'playtime_last_two_weeks': 0, 'playtime_at_review': 85, 'last_played': 1757156429}",schinese,nmlgb花了钱不给我东西？？？？？别在steam上买任何东西！！！！！！！！！！！！！,1691739704,1691739704,False,33,19,0.619698524475097656,0,True,False,False,False
143824712,"{'steamid': '76561198442057190', 'num_games_owned': 92, 'num_reviews': 1, 'playtime_forever': 5781, 'playtime_last_two_weeks': 0, 'playtime_at_review': 109, 'last_played': 1735784490}",schinese,1,1691715152,1691715152,False,25,1,0.57555234432220459,0,True,False,False,False
